{
  "method": "forgetting_events",
  "percent_removed": 50,
  "seed": 128,
  "best_val_acc": 0.7578999996185303,
  "best_val_loss": 0.6997473239898682,
  "test_acc": 0.7540000081062317
}