{
  "method": "corr_integral",
  "percent_removed": 0,
  "seed": 128,
  "best_val_acc": 0.9769999980926514,
  "best_val_loss": 0.0956110507249832,
  "test_acc": 0.9769999980926514
}