{
  "method": "random",
  "percent_removed": 10,
  "seed": 32,
  "best_val_acc": 0.8309000134468079,
  "best_val_loss": 0.5549860596656799,
  "test_acc": 0.822700023651123
}