{
  "method": "random",
  "percent_removed": 10,
  "seed": 128,
  "best_val_acc": 0.9761000275611876,
  "best_val_loss": 0.1016132235527038,
  "test_acc": 0.9717000126838684
}