{
  "corr_integral": {
    "a": 4155.86135333552,
    "b": 8.08868854629422e-05,
    "c": -4154.806142469977,
    "r2": 0.8963757131542035
  },
  "effective_rank": {
    "a": 4253.599449496121,
    "b": 8.745183994725617e-05,
    "c": -4252.531308994669,
    "r2": 0.9155690058404566
  },
  "forgetting_events": {
    "a": 1025.6630977845036,
    "b": 8.23087986752875e-05,
    "c": -1024.6696794774243,
    "r2": 0.8121463133163904
  },
  "intrinsic_dimensionality_twonn": {
    "a": 1695.6184675472439,
    "b": 0.0001129175936105479,
    "c": -1694.593890660126,
    "r2": 0.835184022768572
  },
  "random": {
    "a": 691.0433537426516,
    "b": 9.893032816730497e-05,
    "c": -690.0528108303924,
    "r2": 0.7592999872537428
  }
}