{
  "method": "effective_rank",
  "percent_removed": 0,
  "seed": 32,
  "best_val_acc": 0.8593999743461609,
  "best_val_loss": 0.5378466248512268,
  "test_acc": 0.850600004196167
}