{
  "method": "random",
  "percent_removed": 50,
  "seed": 128,
  "best_val_acc": 0.7986999750137329,
  "best_val_loss": 0.6764124631881714,
  "test_acc": 0.7925000190734863
}