{
  "method": "intrinsic_dimensionality_twonn",
  "percent_removed": 30,
  "seed": 32,
  "best_val_acc": 0.9782999753952026,
  "best_val_loss": 0.0859413668513298,
  "test_acc": 0.9779999852180481
}