{
  "corr_integral": {
    "a": 358.6802730190014,
    "b": 0.0003505540309954823,
    "c": -357.83601445163225,
    "r2": 0.9814506546285149
  },
  "effective_rank": {
    "a": 79.05873046690446,
    "b": 0.0013771808300741904,
    "c": -78.21677988877832,
    "r2": 0.9943290555117582
  },
  "forgetting_events": {
    "a": 353.6356100253627,
    "b": 0.00032775584862589573,
    "c": -352.79263454217926,
    "r2": 0.9800962157397799
  },
  "intrinsic_dimensionality_twonn": {
    "a": 596.9740813678105,
    "b": 0.0003438083936499694,
    "c": -596.1238938826365,
    "r2": 0.9803026385019178
  },
  "random": {
    "a": 129.57480835470133,
    "b": 0.0007122856125308792,
    "c": -128.73131708987802,
    "r2": 0.9978477571849352
  }
}