{
  "method": "forgetting_events",
  "percent_removed": 10,
  "seed": 64,
  "best_val_acc": 0.8464000225067139,
  "best_val_loss": 0.5159542560577393,
  "test_acc": 0.8409000039100647
}