{
  "method": "forgetting_events",
  "percent_removed": 90,
  "seed": 64,
  "best_val_acc": 0.2563000023365021,
  "best_val_loss": 1.995194911956787,
  "test_acc": 0.23639999330043793
}