{
  "method": "effective_rank",
  "percent_removed": 90,
  "seed": 64,
  "best_val_acc": 0.4742999970912933,
  "best_val_loss": 1.8049371242523196,
  "test_acc": 0.4867999851703644
}