{
  "method": "corr_integral",
  "percent_removed": 50,
  "seed": 64,
  "best_val_acc": 0.9394000172615052,
  "best_val_loss": 0.2128218561410904,
  "test_acc": 0.9383999705314636
}