{
  "method": "random",
  "percent_removed": 0,
  "seed": 64,
  "best_val_acc": 0.9718999862670898,
  "best_val_loss": 0.115336500108242,
  "test_acc": 0.9731000065803528
}