{
  "method": "random",
  "percent_removed": 20,
  "seed": 64,
  "best_val_acc": 0.8439000248908997,
  "best_val_loss": 0.5576204657554626,
  "test_acc": 0.8338000178337097
}