{
  "corr_integral": {
    "a": 0.21888072849166684,
    "b": -0.7227907447913723,
    "c": 1.0703430051771674,
    "r2": 0.9999821835668632
  },
  "effective_rank": {
    "a": 0.14758941129286793,
    "b": -0.9648184648086606,
    "c": 1.145152488632759,
    "r2": 0.9999251437457395
  },
  "heuristic_filtering": {
    "a": 0.2677401447182227,
    "b": -0.6736116879202972,
    "c": 1.0181862751186443,
    "r2": 0.999979404355979
  },
  "intrinsic_dimensionality_twonn": {
    "a": 0.21972595864417324,
    "b": -0.701934511159666,
    "c": 1.0682201306370507,
    "r2": 0.999982258625531
  },
  "llm_classifier": {
    "a": 0.17146070133892657,
    "b": -0.8733251186811274,
    "c": 1.116826708576555,
    "r2": 0.9999814561746005
  },
  "perplexity_filtering": {
    "a": 0.2587736926534636,
    "b": -0.6673116814151863,
    "c": 1.0316580981143892,
    "r2": 0.9999424558855607
  },
  "random": {
    "a": 0.17202185801979508,
    "b": -0.8043236414417402,
    "c": 1.115925628679993,
    "r2": 0.9999766054272644
  },
  "semantic_dedup": {
    "a": 0.15921894459636424,
    "b": -0.8832502263852947,
    "c": 1.133408274596985,
    "r2": 0.9998843301737684
  }
}