{
  "method": "random",
  "percent_removed": 90,
  "seed": 32,
  "best_val_acc": 0.7968000173568726,
  "best_val_loss": 1.0773969888687134,
  "test_acc": 0.8062000274658203
}