{
  "method": "forgetting_events",
  "percent_removed": 90,
  "seed": 32,
  "best_val_acc": 0.5224999785423279,
  "best_val_loss": 3.129481315612793,
  "test_acc": 0.5263000130653381
}