{
  "method": "forgetting_events",
  "percent_removed": 20,
  "seed": 128,
  "best_val_acc": 0.8468000292778015,
  "best_val_loss": 0.507265031337738,
  "test_acc": 0.8374999761581421
}