{
  "method": "forgetting_events",
  "percent_removed": 50,
  "seed": 32,
  "best_val_acc": 0.7037000060081482,
  "best_val_loss": 0.8444515466690063,
  "test_acc": 0.6966000199317932
}