{
  "method": "effective_rank",
  "percent_removed": 0,
  "seed": 64,
  "best_val_acc": 0.8550999760627747,
  "best_val_loss": 0.5299567580223083,
  "test_acc": 0.8439000248908997
}