{
  "method": "intrinsic_dimensionality_twonn",
  "percent_removed": 70,
  "seed": 64,
  "best_val_acc": 0.6284999847412109,
  "best_val_loss": 1.346340298652649,
  "test_acc": 0.6021999716758728
}