{
  "method": "forgetting_events",
  "percent_removed": 10,
  "seed": 128,
  "best_val_acc": 0.9711999893188475,
  "best_val_loss": 0.106348693370819,
  "test_acc": 0.9707000255584717
}