{
  "method": "forgetting_events",
  "percent_removed": 30,
  "seed": 64,
  "best_val_acc": 0.838100016117096,
  "best_val_loss": 0.5227404832839966,
  "test_acc": 0.8256000280380249
}