{
  "method": "corr_integral",
  "percent_removed": 70,
  "seed": 64,
  "best_val_acc": 0.6801000237464905,
  "best_val_loss": 1.012662649154663,
  "test_acc": 0.6672000288963318
}