{
  "method": "corr_integral",
  "percent_removed": 50,
  "seed": 64,
  "best_val_acc": 0.7519999742507935,
  "best_val_loss": 0.7726616263389587,
  "test_acc": 0.7537999749183655
}