{
  "method": "intrinsic_dimensionality_twonn",
  "percent_removed": 50,
  "seed": 128,
  "best_val_acc": 0.9710000157356262,
  "best_val_loss": 0.1315696537494659,
  "test_acc": 0.97079998254776
}