{
  "corr_integral": {
    "a": -2165.879789332477,
    "b": 0.0005840393473353065,
    "c": 2168.461540531648,
    "r2": 0.9393201927784598
  },
  "effective_rank": {
    "a": 86.68089374181883,
    "b": 0.0005830635940218649,
    "c": -83.90167851076095,
    "r2": 0.11215305591841396
  },
  "heuristic_filtering": {
    "a": 813.2395347137991,
    "b": -0.0010652928982975954,
    "c": -810.6715746680749,
    "r2": 0.7275377434695043
  },
  "intrinsic_dimensionality_twonn": {
    "a": -1140.3836278285064,
    "b": 0.0007645846888022869,
    "c": 1143.034413014038,
    "r2": 0.3819692719744988
  },
  "llm_classifier": {
    "a": -0.8818693681651955,
    "b": 0.612530901391433,
    "c": 3.564124247888231,
    "r2": 0.3403864885911765
  },
  "perplexity_filtering": {
    "a": 958.2813815263893,
    "b": -0.0007484702185103315,
    "c": -955.6979127980936,
    "r2": 0.513694712594527
  },
  "random": {
    "a": -420.8533302502788,
    "b": 0.0010834679460975606,
    "c": 423.5788183379684,
    "r2": 0.33719933359181453
  },
  "semantic_dedup": {
    "a": 385.0099990102935,
    "b": -0.0015285328207259737,
    "c": -382.4099294291775,
    "r2": 0.34917514413908446
  }
}