{
  "corr_integral": {
    "a": 558.0592156637322,
    "b": -0.000535317944110935,
    "c": -555.344713616366,
    "r2": 0.21380654199700266
  },
  "effective_rank": {
    "a": -406.3958426147073,
    "b": 0.0004270618216680519,
    "c": 409.1442688321472,
    "r2": 0.5861353170738269
  },
  "heuristic_filtering": {
    "a": 1225.8508030850394,
    "b": -0.000570661945338734,
    "c": -1223.259914139822,
    "r2": 0.8626394821270604
  },
  "intrinsic_dimensionality_twonn": {
    "a": 350.76795305931864,
    "b": -0.0008693986415381574,
    "c": -348.0392765982947,
    "r2": 0.18657409816511084
  },
  "llm_classifier": {
    "a": 493.34217079601564,
    "b": -0.0005255977254330258,
    "c": -490.6267499172158,
    "r2": 0.34390833428653433
  },
  "perplexity_filtering": {
    "a": 901.1497994415971,
    "b": -0.0006547560680830177,
    "c": -898.5488467979152,
    "r2": 0.7364252770237827
  },
  "random": {
    "a": -515.8549882866562,
    "b": 0.0009389803818015048,
    "c": 518.5765748660585,
    "r2": 0.7001806554246548
  },
  "semantic_dedup": {
    "a": -114.27490353837986,
    "b": 0.005889695063514226,
    "c": 116.86343868124737,
    "r2": 0.7374857161031587
  }
}