{
  "method": "intrinsic_dimensionality_twonn",
  "percent_removed": 10,
  "seed": 128,
  "best_val_acc": 0.8406999707221985,
  "best_val_loss": 0.5244432687759399,
  "test_acc": 0.8289999961853027
}