{
  "method": "corr_integral",
  "percent_removed": 90,
  "seed": 64,
  "best_val_acc": 0.4447000026702881,
  "best_val_loss": 1.7411412000656128,
  "test_acc": 0.4431000053882599
}