{
  "corr_integral": {
    "a": 0.04643203753619487,
    "b": 6.543162320326714,
    "c": 0.9328953728585363,
    "r2": 0.29196126620591234
  },
  "effective_rank": {
    "a": 0.3992882086618473,
    "b": 1.2382120865471409,
    "c": 0.5916242091210424,
    "r2": 0.814016868657315
  },
  "forgetting_events": {
    "a": 0.01327476448961909,
    "b": 10.967824719901849,
    "c": 0.9650578422461167,
    "r2": 0.25760987881875363
  },
  "intrinsic_dimensionality_twonn": {
    "a": 0.060666334120583545,
    "b": 7.646717252984152,
    "c": 0.9173788392310505,
    "r2": 0.23291333670731285
  },
  "random": {
    "a": -21.654073788694337,
    "b": -0.001272861478246458,
    "c": 22.621654284252923,
    "r2": 0.06928584757191636
  }
}