{
  "corr_integral": {
    "a": 308.90206593132274,
    "b": 0.0005669772309576932,
    "c": -307.9203324368316,
    "r2": 0.7323284979538037
  },
  "effective_rank": {
    "a": 0.1516601530310184,
    "b": 4.820089926349895,
    "c": 0.8415252846964428,
    "r2": 0.797518883652835
  },
  "forgetting_events": {
    "a": -26.80255962052156,
    "b": -0.0008400078697497739,
    "c": 27.776300644523594,
    "r2": 0.2857850006079087
  },
  "intrinsic_dimensionality_twonn": {
    "a": -34.923936790218974,
    "b": 0.0003924406662960402,
    "c": 35.8695784732641,
    "r2": 0.006015097674756498
  },
  "random": {
    "a": -18.741026718325188,
    "b": -0.0009511509516949601,
    "c": 19.70726912631664,
    "r2": 0.11155400350642486
  }
}