{
  "method": "effective_rank",
  "percent_removed": 0,
  "seed": 32,
  "best_val_acc": 0.8446999788284302,
  "best_val_loss": 0.5066826343536377,
  "test_acc": 0.839900016784668
}