{
  "method": "effective_rank",
  "percent_removed": 90,
  "seed": 64,
  "best_val_acc": 0.3436000049114227,
  "best_val_loss": 2.3604884147644043,
  "test_acc": 0.3395000100135803
}