{
  "method": "forgetting_events",
  "percent_removed": 70,
  "seed": 32,
  "best_val_acc": 0.6966999769210815,
  "best_val_loss": 2.016200304031372,
  "test_acc": 0.6919999718666077
}