{
  "method": "corr_integral",
  "percent_removed": 0,
  "seed": 32,
  "best_val_acc": 0.8650000095367432,
  "best_val_loss": 0.504355251789093,
  "test_acc": 0.8557000160217285
}