{
  "method": "forgetting_events",
  "percent_removed": 70,
  "seed": 64,
  "best_val_acc": 0.3980000019073486,
  "best_val_loss": 1.4356199502944946,
  "test_acc": 0.38920000195503235
}