{
  "method": "random",
  "percent_removed": 90,
  "seed": 128,
  "best_val_acc": 0.7735000252723694,
  "best_val_loss": 1.1021405458450315,
  "test_acc": 0.7832000255584717
}