{
  "method": "random",
  "percent_removed": 30,
  "seed": 32,
  "best_val_acc": 0.9763000011444092,
  "best_val_loss": 0.0933130234479904,
  "test_acc": 0.9761000275611877
}