{
  "method": "forgetting_events",
  "percent_removed": 30,
  "seed": 64,
  "best_val_acc": 0.9661999940872192,
  "best_val_loss": 0.1273577809333801,
  "test_acc": 0.9684000015258789
}