{
  "method": "corr_integral",
  "percent_removed": 20,
  "seed": 64,
  "best_val_acc": 0.8248999714851379,
  "best_val_loss": 0.5702426433563232,
  "test_acc": 0.8154000043869019
}