{
  "method": "intrinsic_dimensionality_twonn",
  "percent_removed": 0,
  "seed": 32,
  "best_val_acc": 0.975000023841858,
  "best_val_loss": 0.0976104512810707,
  "test_acc": 0.9672999978065491
}