{
  "method": "corr_integral",
  "percent_removed": 10,
  "seed": 32,
  "best_val_acc": 0.8485000133514404,
  "best_val_loss": 0.5831148624420166,
  "test_acc": 0.843999981880188
}