epoch,step,test_loss,train_loss_epoch,train_loss_step,val_loss
0,10,,,,3.355877161026001
0,10,,3.5991451740264893,,
1,21,,,,3.318974733352661
1,21,,3.326286792755127,,
2,32,,,,3.325077772140503
2,32,,3.324326992034912,,
3,43,,,,3.323485851287842
3,43,,3.314302444458008,,
4,49,,,3.313230037689209,
4,54,,,,3.322697639465332
4,54,,3.3130366802215576,,
5,65,,,,3.322073221206665
5,65,,3.312472105026245,,
6,76,,,,3.321820020675659
6,76,,3.3119969367980957,,
7,77,3.321820020675659,,,
