{
  "method": "intrinsic_dimensionality_twonn",
  "percent_removed": 30,
  "seed": 32,
  "best_val_acc": 0.8050000071525574,
  "best_val_loss": 0.6169366240501404,
  "test_acc": 0.8033999800682068
}