{
  "method": "corr_integral",
  "percent_removed": 90,
  "seed": 32,
  "best_val_acc": 0.4117999970912933,
  "best_val_loss": 2.152096509933472,
  "test_acc": 0.4043000042438507
}