{
  "method": "effective_rank",
  "percent_removed": 90,
  "seed": 64,
  "best_val_acc": 0.1124000027775764,
  "best_val_loss": 2.3268563747406006,
  "test_acc": 0.11349999904632568
}