{
  "method": "intrinsic_dimensionality_twonn",
  "percent_removed": 90,
  "seed": 32,
  "best_val_acc": 0.3174999952316284,
  "best_val_loss": 2.59585952758789,
  "test_acc": 0.31839999556541443
}