{
  "method": "forgetting_events",
  "percent_removed": 50,
  "seed": 32,
  "best_val_acc": 0.765500009059906,
  "best_val_loss": 1.2385793924331665,
  "test_acc": 0.7605999708175659
}