{
  "method": "intrinsic_dimensionality_twonn",
  "percent_removed": 10,
  "seed": 32,
  "best_val_acc": 0.8536999821662903,
  "best_val_loss": 0.5598053932189941,
  "test_acc": 0.8460999727249146
}