{
  "method": "intrinsic_dimensionality_twonn",
  "percent_removed": 90,
  "seed": 128,
  "best_val_acc": 0.4406000077724457,
  "best_val_loss": 2.460940361022949,
  "test_acc": 0.4345000088214874
}