{
  "corr_integral": {
    "a": -0.7671795987189514,
    "b": 0.8693900559055632,
    "c": 3.474823513572295,
    "r2": 0.8493736257641649
  },
  "effective_rank": {
    "a": -4.02946491778333,
    "b": 0.07164097819363714,
    "c": 6.738377793306183,
    "r2": 0.8661291613981242
  },
  "heuristic_filtering": {
    "a": -1.0285902454311535,
    "b": 0.37583488949166555,
    "c": 3.763296664277762,
    "r2": 0.7602151354883007
  },
  "intrinsic_dimensionality_twonn": {
    "a": -0.7007700645223923,
    "b": 0.9073635304908465,
    "c": 3.3650226492127944,
    "r2": 0.7904509436552829
  },
  "llm_classifier": {
    "a": -0.6897375947798187,
    "b": 1.064906710532584,
    "c": 3.399785936278263,
    "r2": 0.9698187049797482
  },
  "perplexity_filtering": {
    "a": -0.7483358542863976,
    "b": 0.6672583704042856,
    "c": 3.49100110609907,
    "r2": 0.8940885656452147
  },
  "random": {
    "a": -0.8118287413427072,
    "b": 1.1572015639237525,
    "c": 3.3568860800171474,
    "r2": 0.9546117859033654
  },
  "semantic_dedup": {
    "a": -0.7594585732243503,
    "b": 1.2952313535320363,
    "c": 3.344684813055869,
    "r2": 0.8513461962869314
  }
}