{
  "method": "intrinsic_dimensionality_twonn",
  "percent_removed": 90,
  "seed": 64,
  "best_val_acc": 0.4537999927997589,
  "best_val_loss": 1.4308143854141235,
  "test_acc": 0.45559999346733093
}