{
  "method": "forgetting_events",
  "percent_removed": 30,
  "seed": 64,
  "best_val_acc": 0.976199984550476,
  "best_val_loss": 0.098813496530056,
  "test_acc": 0.9775999784469604
}