epoch,step,train_acc_step,train_loss_step
0,49,0.9375,0.22959038615226746
0,99,0.9296875,0.20930376648902893
0,149,0.9609375,0.08954384922981262
