{
  "method": "forgetting_events",
  "percent_removed": 0,
  "seed": 128,
  "best_val_acc": 0.8511999845504761,
  "best_val_loss": 0.4933227896690368,
  "test_acc": 0.8428999781608582
}