{
  "method": "forgetting_events",
  "percent_removed": 90,
  "seed": 32,
  "best_val_acc": 0.2820000052452087,
  "best_val_loss": 1.8486191034317017,
  "test_acc": 0.26489999890327454
}