{
  "method": "random",
  "percent_removed": 20,
  "seed": 32,
  "best_val_acc": 0.9776999950408936,
  "best_val_loss": 0.0833745151758194,
  "test_acc": 0.9218999743461609
}