{
  "method": "forgetting_events",
  "percent_removed": 30,
  "seed": 64,
  "best_val_acc": 0.8181999921798706,
  "best_val_loss": 0.9655966758728028,
  "test_acc": 0.8084999918937683
}