{
  "method": "forgetting_events",
  "percent_removed": 50,
  "seed": 64,
  "best_val_acc": 0.7688999772071838,
  "best_val_loss": 1.231512188911438,
  "test_acc": 0.7616000175476074
}