{
  "method": "forgetting_events",
  "percent_removed": 20,
  "seed": 64,
  "best_val_acc": 0.8458999991416931,
  "best_val_loss": 0.501870334148407,
  "test_acc": 0.8399999737739563
}