{
  "corr_integral": {
    "a": 0.12790213027497963,
    "b": 1.0333529159151442,
    "c": 0.7155968465920187,
    "r2": 0.9981177316752888
  },
  "effective_rank": {
    "a": 191.45510423639374,
    "b": 0.0007369749357300572,
    "c": -190.61042071634327,
    "r2": 0.9731917612142035
  },
  "forgetting_events": {
    "a": 77.29707929116705,
    "b": 0.0007070999936107307,
    "c": -76.45187603045969,
    "r2": 0.8318816778207255
  },
  "intrinsic_dimensionality_twonn": {
    "a": 102.72513315297228,
    "b": 0.0007718226161854317,
    "c": -101.88512004887632,
    "r2": 0.9505006564052001
  },
  "random": {
    "a": -70.53920941020826,
    "b": -0.0013373992299486614,
    "c": 71.38192217928736,
    "r2": 0.9537051007852667
  }
}