{
  "method": "corr_integral",
  "percent_removed": 20,
  "seed": 32,
  "best_val_acc": 0.9690999984741212,
  "best_val_loss": 0.1271356046199798,
  "test_acc": 0.9391000270843506
}