{
  "method": "corr_integral",
  "percent_removed": 0,
  "seed": 32,
  "best_val_acc": 0.9743000268936156,
  "best_val_loss": 0.094395488500595,
  "test_acc": 0.9764999747276306
}