{
  "corr_integral": {
    "a": -260.8962537550908,
    "b": 0.0007142868214257578,
    "c": 262.1837540385708,
    "r2": 0.9908338344755215
  },
  "effective_rank": {
    "a": -245.67887072336453,
    "b": 0.0007652704620270398,
    "c": 246.9668570604586,
    "r2": 0.9989557177469471
  },
  "heuristic_filtering": {
    "a": -1.2094482242331877,
    "b": 0.1653313679253902,
    "c": 2.4957390773381127,
    "r2": 0.9996402127217846
  },
  "intrinsic_dimensionality_twonn": {
    "a": -220.26385185739946,
    "b": 0.0008204124579431296,
    "c": 221.55016783702555,
    "r2": 0.9909698320181756
  },
  "llm_classifier": {
    "a": -266.9728924467144,
    "b": 0.0006864405448730835,
    "c": 268.25859326027347,
    "r2": 0.9951019581494049
  },
  "perplexity_filtering": {
    "a": -1.45539951973657,
    "b": 0.1468320887122772,
    "c": 2.74227955521987,
    "r2": 0.9998672884205854
  },
  "random": {
    "a": -204.73759870212166,
    "b": 0.0007530991485136406,
    "c": 206.0258580895027,
    "r2": 0.9945344235456003
  },
  "semantic_dedup": {
    "a": -273.30076998887745,
    "b": 0.0006881340429385621,
    "c": 274.58817890320125,
    "r2": 0.9882611357594324
  }
}