{
  "corr_integral": {
    "a": -575.8781769464126,
    "b": 0.0003591019658435864,
    "c": 577.1628672334904,
    "r2": 0.99500660999559
  },
  "effective_rank": {
    "a": -518.6415934782614,
    "b": 0.0004218221771347712,
    "c": 519.9253520929075,
    "r2": 0.9934274563442169
  },
  "heuristic_filtering": {
    "a": -555.2351141803006,
    "b": 0.00041097052362193425,
    "c": 556.5169617064557,
    "r2": 0.9927470601260157
  },
  "intrinsic_dimensionality_twonn": {
    "a": -484.64600371195723,
    "b": 0.0004132314170911134,
    "c": 485.92963050659677,
    "r2": 0.9951029585772909
  },
  "llm_classifier": {
    "a": -570.7219656336744,
    "b": 0.000374272338099348,
    "c": 572.0034964229958,
    "r2": 0.9926085005240847
  },
  "perplexity_filtering": {
    "a": -545.0742215167787,
    "b": 0.0004208171791297573,
    "c": 546.3584102488113,
    "r2": 0.9971926944958291
  },
  "random": {
    "a": -535.0177243890508,
    "b": 0.0003392920369267976,
    "c": 536.3022264930469,
    "r2": 0.9917244800235888
  },
  "semantic_dedup": {
    "a": -524.1684630380835,
    "b": 0.00039959986605745643,
    "c": 525.452932108477,
    "r2": 0.9942958003242791
  }
}