{
  "corr_integral": {
    "a": 0.04233910200489774,
    "b": 6.521304940081487,
    "c": 0.9414949780509297,
    "r2": 0.5452973576852389
  },
  "effective_rank": {
    "a": 0.018173413570102815,
    "b": 9.191277014111666,
    "c": 0.9624593400047792,
    "r2": 0.30848367384019293
  },
  "forgetting_events": {
    "a": 0.020459386501159894,
    "b": 9.910074784977398,
    "c": 0.9589252119985815,
    "r2": 0.44818812009543996
  },
  "intrinsic_dimensionality_twonn": {
    "a": 0.02135569391814441,
    "b": 2.3900860268305792,
    "c": 0.9498440109817803,
    "r2": 0.24941137197217256
  },
  "random": {
    "a": 0.02191872574409675,
    "b": 5.5798851130022085,
    "c": 0.955833204605662,
    "r2": 0.5272037985649661
  }
}