{
  "corr_integral": {
    "a": 0.16860471354364473,
    "b": -0.8450648921081038,
    "c": 1.1209255086364638,
    "r2": 0.9999758142885786
  },
  "effective_rank": {
    "a": 0.29795515662752226,
    "b": -0.5940973763974721,
    "c": 0.9861985532691033,
    "r2": 0.9998327219960943
  },
  "heuristic_filtering": {
    "a": 0.17479294839276638,
    "b": -0.807215373841325,
    "c": 1.1170039892233072,
    "r2": 0.9999672855596308
  },
  "intrinsic_dimensionality_twonn": {
    "a": 0.18467902269424882,
    "b": -0.8008517743000974,
    "c": 1.1032639859011886,
    "r2": 0.999995568551088
  },
  "llm_classifier": {
    "a": 0.21771074945022628,
    "b": -0.7080837042906025,
    "c": 1.069535413210283,
    "r2": 0.9999273823880857
  },
  "perplexity_filtering": {
    "a": 0.16524021665086,
    "b": -0.8059960868439615,
    "c": 1.123095980814747,
    "r2": 0.9999788808998519
  },
  "random": {
    "a": 0.1641419045075406,
    "b": -0.8294725220247644,
    "c": 1.12449181076178,
    "r2": 0.9999669582680698
  },
  "semantic_dedup": {
    "a": 0.20432497392978985,
    "b": -0.7369704634937607,
    "c": 1.083946637964104,
    "r2": 0.9999963475165696
  }
}