{
  "method": "effective_rank",
  "percent_removed": 50,
  "seed": 32,
  "best_val_acc": 0.9383000135421752,
  "best_val_loss": 0.2314966768026352,
  "test_acc": 0.9189000129699707
}