{
  "method": "forgetting_events",
  "percent_removed": 0,
  "seed": 64,
  "best_val_acc": 0.9745000004768372,
  "best_val_loss": 0.1027992293238639,
  "test_acc": 0.972599983215332
}