{
  "method": "forgetting_events",
  "percent_removed": 0,
  "seed": 32,
  "best_val_acc": 0.8478000164031982,
  "best_val_loss": 0.4946640729904175,
  "test_acc": 0.8399999737739563
}