{
  "method": "effective_rank",
  "percent_removed": 10,
  "seed": 64,
  "best_val_acc": 0.8216000199317932,
  "best_val_loss": 0.5847376585006714,
  "test_acc": 0.8113999962806702
}