{
  "method": "random",
  "percent_removed": 70,
  "seed": 128,
  "best_val_acc": 0.7249000072479248,
  "best_val_loss": 0.9352856278419496,
  "test_acc": 0.7111999988555908
}