{
  "method": "random",
  "percent_removed": 10,
  "seed": 32,
  "best_val_acc": 0.8418999910354614,
  "best_val_loss": 0.5056877732276917,
  "test_acc": 0.8317000269889832
}