{
  "corr_integral": {
    "a": 2136.7455871372517,
    "b": 0.00011452750301381948,
    "c": -2135.7360571840254,
    "r2": 0.9319031917131254
  },
  "effective_rank": {
    "a": 1440.6187238722964,
    "b": 0.0001362154847597355,
    "c": -1439.6504785298152,
    "r2": 0.9214004986799842
  },
  "forgetting_events": {
    "a": 3316.537935319184,
    "b": 7.760563313203047e-05,
    "c": -3315.4815866288277,
    "r2": 0.7511588980611172
  },
  "intrinsic_dimensionality_twonn": {
    "a": 1559.4140200849358,
    "b": 0.00012454130840016946,
    "c": -1558.3984709312197,
    "r2": 0.7057989372301445
  },
  "random": {
    "a": 601.0585369636381,
    "b": 0.00012379180957269344,
    "c": -600.0768325119259,
    "r2": 0.9156439252327475
  }
}