{
  "method": "effective_rank",
  "percent_removed": 10,
  "seed": 64,
  "best_val_acc": 0.9763000011444092,
  "best_val_loss": 0.0908626392483711,
  "test_acc": 0.9706000089645386
}