{
  "method": "forgetting_events",
  "percent_removed": 50,
  "seed": 64,
  "best_val_acc": 0.9574000239372252,
  "best_val_loss": 0.1569051742553711,
  "test_acc": 0.9606999754905701
}