{
  "method": "intrinsic_dimensionality_twonn",
  "percent_removed": 10,
  "seed": 64,
  "best_val_acc": 0.9810000061988832,
  "best_val_loss": 0.0720811784267425,
  "test_acc": 0.9829999804496765
}