{
  "method": "random",
  "percent_removed": 30,
  "seed": 64,
  "best_val_acc": 0.9764999747276306,
  "best_val_loss": 0.0935846045613288,
  "test_acc": 0.977400004863739
}