{
  "method": "forgetting_events",
  "percent_removed": 70,
  "seed": 32,
  "best_val_acc": 0.4395999908447265,
  "best_val_loss": 1.306711196899414,
  "test_acc": 0.4059000015258789
}