{
  "method": "corr_integral",
  "percent_removed": 10,
  "seed": 64,
  "best_val_acc": 0.8384000062942505,
  "best_val_loss": 0.5336540341377258,
  "test_acc": 0.8313000202178955
}