{
  "method": "random",
  "percent_removed": 30,
  "seed": 128,
  "best_val_acc": 0.9763000011444092,
  "best_val_loss": 0.0995797365903854,
  "test_acc": 0.9476000070571899
}