{
  "method": "random",
  "percent_removed": 10,
  "seed": 64,
  "best_val_acc": 0.842199981212616,
  "best_val_loss": 0.5049775242805481,
  "test_acc": 0.8367999792098999
}