{
  "method": "random",
  "percent_removed": 10,
  "seed": 64,
  "best_val_acc": 0.8409000039100647,
  "best_val_loss": 0.5174724459648132,
  "test_acc": 0.8288000226020813
}