{
  "method": "effective_rank",
  "percent_removed": 10,
  "seed": 32,
  "best_val_acc": 0.8482999801635742,
  "best_val_loss": 0.5373855829238892,
  "test_acc": 0.8357999920845032
}