{
  "method": "random",
  "percent_removed": 50,
  "seed": 32,
  "best_val_acc": 0.9699000120162964,
  "best_val_loss": 0.1328213512897491,
  "test_acc": 0.970300018787384
}