{
  "method": "forgetting_events",
  "percent_removed": 0,
  "seed": 32,
  "best_val_acc": 0.984000027179718,
  "best_val_loss": 0.0626417323946952,
  "test_acc": 0.984499990940094
}