{
  "method": "effective_rank",
  "percent_removed": 70,
  "seed": 64,
  "best_val_acc": 0.6545000076293945,
  "best_val_loss": 1.148597002029419,
  "test_acc": 0.6539000272750854
}