{
  "method": "intrinsic_dimensionality_twonn",
  "percent_removed": 70,
  "seed": 32,
  "best_val_acc": 0.6290000081062317,
  "best_val_loss": 1.2376638650894165,
  "test_acc": 0.617900013923645
}