{
  "method": "forgetting_events",
  "percent_removed": 10,
  "seed": 64,
  "best_val_acc": 0.9722999930381776,
  "best_val_loss": 0.0952006354928016,
  "test_acc": 0.9746999740600586
}