{
  "method": "effective_rank",
  "percent_removed": 70,
  "seed": 64,
  "best_val_acc": 0.8033000230789185,
  "best_val_loss": 1.065315008163452,
  "test_acc": 0.8125
}