{
  "method": "corr_integral",
  "percent_removed": 0,
  "seed": 128,
  "best_val_acc": 0.9675999879837036,
  "best_val_loss": 0.1658664047718048,
  "test_acc": 0.9642999768257141
}