{
  "corr_integral": {
    "a": 2263.8780056793366,
    "b": 8.190901147275016e-05,
    "c": -2263.01544031981,
    "r2": 0.980401914999505
  },
  "effective_rank": {
    "a": 2181.3179976259385,
    "b": 0.00010072307029999101,
    "c": -2180.4444207818096,
    "r2": 0.968855659089601
  },
  "forgetting_events": {
    "a": 1506.3390897078712,
    "b": 9.146886815703113e-05,
    "c": -1505.4898647471423,
    "r2": 0.9957919643443582
  },
  "intrinsic_dimensionality_twonn": {
    "a": 1.3872872378258734,
    "b": 0.15524758961018686,
    "c": -0.5366047967233899,
    "r2": 0.9976925037418287
  },
  "random": {
    "a": 1419.5431904160678,
    "b": 8.842330114476665e-05,
    "c": -1418.6895457060537,
    "r2": 0.9872585653049332
  }
}