{
  "method": "random",
  "percent_removed": 70,
  "seed": 128,
  "best_val_acc": 0.8748000264167786,
  "best_val_loss": 0.7288048267364502,
  "test_acc": 0.8159999847412109
}