{
  "method": "corr_integral",
  "percent_removed": 20,
  "seed": 128,
  "best_val_acc": 0.9764000177383424,
  "best_val_loss": 0.0968329980969429,
  "test_acc": 0.9276999831199646
}