{
  "method": "random",
  "percent_removed": 20,
  "seed": 128,
  "best_val_acc": 0.9459999799728394,
  "best_val_loss": 0.2441827654838562,
  "test_acc": 0.9150000214576721
}