{
  "method": "forgetting_events",
  "percent_removed": 10,
  "seed": 128,
  "best_val_acc": 0.8428999781608582,
  "best_val_loss": 0.5810325145721436,
  "test_acc": 0.8237000107765198
}