{
  "method": "corr_integral",
  "percent_removed": 90,
  "seed": 32,
  "best_val_acc": 0.453000009059906,
  "best_val_loss": 1.8517824411392207,
  "test_acc": 0.44369998574256897
}