{
  "method": "effective_rank",
  "percent_removed": 20,
  "seed": 64,
  "best_val_acc": 0.9764999747276306,
  "best_val_loss": 0.0929486230015754,
  "test_acc": 0.9750000238418579
}