{
  "method": "corr_integral",
  "percent_removed": 30,
  "seed": 128,
  "best_val_acc": 0.7967000007629395,
  "best_val_loss": 0.6256266832351685,
  "test_acc": 0.7883999943733215
}