{
  "corr_integral": {
    "a": 0.05243589854290312,
    "b": 4.262828785159841,
    "c": 0.9309369601476971,
    "r2": 0.6728203506248529
  },
  "effective_rank": {
    "a": 93.23644146641259,
    "b": 0.0007497917057424241,
    "c": -92.25602686375825,
    "r2": 0.706826251698134
  },
  "forgetting_events": {
    "a": 0.01880656808479389,
    "b": 11.331523770945084,
    "c": 0.9604645989054026,
    "r2": 0.44903365228191083
  },
  "intrinsic_dimensionality_twonn": {
    "a": 0.009016775332682267,
    "b": 6.913804743301852,
    "c": 0.9616259297781761,
    "r2": 0.15609042309603527
  },
  "random": {
    "a": -21.354280085908215,
    "b": -0.00037168100911227675,
    "c": 22.323741568515985,
    "r2": 0.04561913899937742
  }
}