{
  "method": "random",
  "percent_removed": 70,
  "seed": 128,
  "best_val_acc": 0.7303000092506409,
  "best_val_loss": 0.8460078239440918,
  "test_acc": 0.7182000279426575
}