{
  "method": "effective_rank",
  "percent_removed": 50,
  "seed": 32,
  "best_val_acc": 0.7702000141143799,
  "best_val_loss": 0.7487989068031311,
  "test_acc": 0.7695000171661377
}