{
  "method": "corr_integral",
  "percent_removed": 20,
  "seed": 64,
  "best_val_acc": 0.947700023651123,
  "best_val_loss": 0.2825526595115661,
  "test_acc": 0.8998000025749207
}