{
  "corr_integral": {
    "a": -153.29219847524146,
    "b": 0.0010996761913676237,
    "c": 154.58077601316575,
    "r2": 0.9956346479450854
  },
  "effective_rank": {
    "a": -221.44419855883646,
    "b": 0.0008219678046700264,
    "c": 222.73061884443507,
    "r2": 0.9973903404929154
  },
  "heuristic_filtering": {
    "a": -204.24454130651696,
    "b": 0.000836888142106671,
    "c": 205.53387896269055,
    "r2": 0.9956150820787059
  },
  "intrinsic_dimensionality_twonn": {
    "a": -251.1563017934379,
    "b": 0.0006766217419532453,
    "c": 252.44359878763365,
    "r2": 0.9952874025250125
  },
  "llm_classifier": {
    "a": -146.06533740027606,
    "b": 0.0011188839066553996,
    "c": 147.35405235716172,
    "r2": 0.9967176673248095
  },
  "perplexity_filtering": {
    "a": -205.71667390434447,
    "b": 0.0007579403745044474,
    "c": 207.003585427264,
    "r2": 0.9924699925639876
  },
  "random": {
    "a": -258.4064611698905,
    "b": 0.0006453694699555629,
    "c": 259.6924828289271,
    "r2": 0.9968709125079211
  },
  "semantic_dedup": {
    "a": -232.40671144060192,
    "b": 0.0007514402696617632,
    "c": 233.693763224497,
    "r2": 0.9967207799256285
  }
}