{
  "method": "intrinsic_dimensionality_twonn",
  "percent_removed": 20,
  "seed": 32,
  "best_val_acc": 0.8187999725341797,
  "best_val_loss": 0.6113303303718567,
  "test_acc": 0.8095999956130981
}