{
  "method": "corr_integral",
  "percent_removed": 20,
  "seed": 128,
  "best_val_acc": 0.8324999809265137,
  "best_val_loss": 0.5619542598724365,
  "test_acc": 0.824400007724762
}