{
  "method": "random",
  "percent_removed": 0,
  "seed": 32,
  "best_val_acc": 0.8475000262260437,
  "best_val_loss": 0.4771371185779571,
  "test_acc": 0.8413000106811523
}