epoch,step,train_acc_step,train_loss_step
0,49,0.921875,0.21450883150100708
0,99,0.9609375,0.14368411898612976
