{
  "corr_integral": {
    "a": -485.3089130617956,
    "b": 0.0006841400167969396,
    "c": 488.048211391688,
    "r2": 0.13243112254426603
  },
  "effective_rank": {
    "a": -129.29833908789396,
    "b": 0.0008932151469632678,
    "c": 132.03933433018523,
    "r2": 0.03478035872743401
  },
  "heuristic_filtering": {
    "a": -719.2963826804513,
    "b": 0.000857595678126362,
    "c": 722.0024755323022,
    "r2": 0.2879834916947116
  },
  "intrinsic_dimensionality_twonn": {
    "a": -596.1270956507417,
    "b": 0.0012974646777281272,
    "c": 598.7572320482811,
    "r2": 0.45721687051858695
  },
  "llm_classifier": {
    "a": 0.006629899071285976,
    "b": -8.622366198179131,
    "c": 2.7545504520973285,
    "r2": 0.8657740616588936
  },
  "perplexity_filtering": {
    "a": 45.30077350144856,
    "b": -0.0003321294096379799,
    "c": -42.50080139826712,
    "r2": 0.0012190125169359023
  },
  "random": {
    "a": 0.043462174076206596,
    "b": -5.725242913167886,
    "c": 2.530649629938207,
    "r2": 0.7424568545477184
  },
  "semantic_dedup": {
    "a": -0.2751681266080046,
    "b": 206.81872304919133,
    "c": 2.793878183548719,
    "r2": 0.5051720851411567
  }
}