{
  "corr_integral": {
    "a": 0.0683009904279763,
    "b": -2.6325867026620453,
    "c": 2.679995164551852,
    "r2": 0.6378225716482052
  },
  "effective_rank": {
    "a": -151.45516476933958,
    "b": 0.0007482068305268441,
    "c": 154.19645820779462,
    "r2": 0.1239481292143717
  },
  "heuristic_filtering": {
    "a": 239.18411684616777,
    "b": -0.000988283451716936,
    "c": -236.4257562117861,
    "r2": 0.1677098150016333
  },
  "intrinsic_dimensionality_twonn": {
    "a": -2.4671930810507767,
    "b": 0.285266589925832,
    "c": 5.110270826267245,
    "r2": 0.6930320610032505
  },
  "llm_classifier": {
    "a": -1038.2503058979419,
    "b": 0.000526888816888173,
    "c": 1040.969480384941,
    "r2": 0.9444145880593176
  },
  "perplexity_filtering": {
    "a": 7.115572432361384e-13,
    "b": -38.5530910959702,
    "c": 2.802550236607461,
    "r2": 0.8333068608307969
  },
  "random": {
    "a": -0.9686420485614204,
    "b": 0.9780925644527206,
    "c": 3.5090738876400533,
    "r2": 0.8719301113520634
  },
  "semantic_dedup": {
    "a": -1.3276807426232438,
    "b": 0.6767183679103413,
    "c": 3.912423836499604,
    "r2": 0.6834913011281548
  }
}