{
  "method": "effective_rank",
  "percent_removed": 10,
  "seed": 32,
  "best_val_acc": 0.9812999963760376,
  "best_val_loss": 0.0693182125687599,
  "test_acc": 0.9829999804496765
}