{
  "method": "random",
  "percent_removed": 50,
  "seed": 64,
  "best_val_acc": 0.9763000011444092,
  "best_val_loss": 0.1069888770580291,
  "test_acc": 0.9764000177383423
}