{
  "method": "forgetting_events",
  "percent_removed": 20,
  "seed": 128,
  "best_val_acc": 0.9678000211715698,
  "best_val_loss": 0.1250002384185791,
  "test_acc": 0.9689000248908997
}