{
  "method": "forgetting_events",
  "percent_removed": 50,
  "seed": 32,
  "best_val_acc": 0.9782000184059144,
  "best_val_loss": 0.1044024378061294,
  "test_acc": 0.9765999913215637
}