{
  "method": "random",
  "percent_removed": 10,
  "seed": 32,
  "best_val_acc": 0.9825999736785888,
  "best_val_loss": 0.0672134757041931,
  "test_acc": 0.982699990272522
}