{
  "method": "forgetting_events",
  "percent_removed": 90,
  "seed": 64,
  "best_val_acc": 0.4577000141143799,
  "best_val_loss": 1.7605199813842771,
  "test_acc": 0.45170000195503235
}