{
  "method": "effective_rank",
  "percent_removed": 90,
  "seed": 32,
  "best_val_acc": 0.4605999886989593,
  "best_val_loss": 1.7781254053115845,
  "test_acc": 0.46709999442100525
}