{
  "method": "forgetting_events",
  "percent_removed": 20,
  "seed": 32,
  "best_val_acc": 0.9621000289916992,
  "best_val_loss": 0.1374439597129821,
  "test_acc": 0.9656999707221985
}