{
  "corr_integral": {
    "a": 1743.0827209297242,
    "b": 9.700096839504034e-05,
    "c": -1742.2287144109441,
    "r2": 0.9969953588182613
  },
  "effective_rank": {
    "a": 1810.484953808599,
    "b": 9.270506987752468e-05,
    "c": -1809.6338164148008,
    "r2": 0.9981160583128014
  },
  "forgetting_events": {
    "a": 1.473624647539024,
    "b": 0.2586005323689504,
    "c": -0.5777933822625,
    "r2": 0.9361940061011481
  },
  "intrinsic_dimensionality_twonn": {
    "a": 2066.9753414500437,
    "b": 0.00011206753095839448,
    "c": -2066.104487562675,
    "r2": 0.9863947181960817
  },
  "random": {
    "a": 1158.5230516365473,
    "b": 0.00010309689190846977,
    "c": -1157.6698361571562,
    "r2": 0.9793030606566749
  }
}