{
  "method": "random",
  "percent_removed": 50,
  "seed": 32,
  "best_val_acc": 0.802299976348877,
  "best_val_loss": 0.6719923615455627,
  "test_acc": 0.7918999791145325
}