{
  "method": "corr_integral",
  "percent_removed": 50,
  "seed": 128,
  "best_val_acc": 0.8614000082015991,
  "best_val_loss": 0.4435750842094421,
  "test_acc": 0.8586000204086304
}