{
  "method": "effective_rank",
  "percent_removed": 0,
  "seed": 64,
  "best_val_acc": 0.8474000096321106,
  "best_val_loss": 0.5039138197898865,
  "test_acc": 0.8342000246047974
}