{
  "method": "forgetting_events",
  "percent_removed": 70,
  "seed": 128,
  "best_val_acc": 0.6895999908447266,
  "best_val_loss": 1.8498929738998413,
  "test_acc": 0.6875
}