{
  "method": "forgetting_events",
  "percent_removed": 30,
  "seed": 128,
  "best_val_acc": 0.967199981212616,
  "best_val_loss": 0.1290198415517807,
  "test_acc": 0.9666000008583069
}