{
  "method": "random",
  "percent_removed": 70,
  "seed": 64,
  "best_val_acc": 0.745199978351593,
  "best_val_loss": 0.868533194065094,
  "test_acc": 0.7343000173568726
}