{
  "method": "forgetting_events",
  "percent_removed": 10,
  "seed": 128,
  "best_val_acc": 0.8547999858856201,
  "best_val_loss": 0.5581775903701782,
  "test_acc": 0.8499000072479248
}