{
  "method": "random",
  "percent_removed": 20,
  "seed": 32,
  "best_val_acc": 0.963699996471405,
  "best_val_loss": 0.1407405138015747,
  "test_acc": 0.9621999859809875
}