{
  "corr_integral": {
    "a": 211.88954660546025,
    "b": 0.0005337314220184903,
    "c": -211.04702576765777,
    "r2": 0.9270066342567581
  },
  "effective_rank": {
    "a": 123.96336484683786,
    "b": 0.0008831066693732596,
    "c": -123.1213315527508,
    "r2": 0.9775594010173034
  },
  "forgetting_events": {
    "a": 114.83181804664952,
    "b": 0.0007667619137449869,
    "c": -113.99267069096418,
    "r2": 0.9892363171254402
  },
  "intrinsic_dimensionality_twonn": {
    "a": 212.1966737361547,
    "b": 0.0007411393184044121,
    "c": -211.35307905755087,
    "r2": 0.9840051836830019
  },
  "random": {
    "a": -134.98199637690124,
    "b": -0.0006526111807574796,
    "c": 135.82491226346366,
    "r2": 0.993363685562358
  }
}