{
  "corr_integral": {
    "a": -435.7922349706153,
    "b": 0.00043744542670311605,
    "c": 437.07777931967894,
    "r2": 0.9948288136792464
  },
  "effective_rank": {
    "a": -543.2745023828489,
    "b": 0.0003790056093751284,
    "c": 544.5576398048496,
    "r2": 0.9951477235115088
  },
  "heuristic_filtering": {
    "a": -536.5695014939192,
    "b": 0.0003678830616953901,
    "c": 537.8552016858275,
    "r2": 0.993390864451613
  },
  "intrinsic_dimensionality_twonn": {
    "a": -553.0509573644321,
    "b": 0.00035676833392722293,
    "c": 554.3344926024307,
    "r2": 0.9929344693323466
  },
  "llm_classifier": {
    "a": -528.2737355294001,
    "b": 0.00036111882799402556,
    "c": 529.5586920441921,
    "r2": 0.9927801163340502
  },
  "perplexity_filtering": {
    "a": -717.6653488995968,
    "b": 0.0002566563257046,
    "c": 718.9483745330224,
    "r2": 0.9910898470664781
  },
  "random": {
    "a": -545.741882602394,
    "b": 0.00035304353105995533,
    "c": 547.0243444656938,
    "r2": 0.9935914728810522
  },
  "semantic_dedup": {
    "a": -564.5969015321622,
    "b": 0.00035047902833565945,
    "c": 565.8807591062564,
    "r2": 0.994914021702952
  }
}