{
  "corr_integral": {
    "a": 514.0662660905081,
    "b": 0.0002783828823222476,
    "c": -513.2191057215206,
    "r2": 0.9825896278248977
  },
  "effective_rank": {
    "a": 267.4124532288073,
    "b": 0.0005467572093507673,
    "c": -266.56706676236143,
    "r2": 0.9933580709149737
  },
  "forgetting_events": {
    "a": 514.08233394867,
    "b": 0.0003474496817896178,
    "c": -513.2200993940903,
    "r2": 0.8612774489840128
  },
  "intrinsic_dimensionality_twonn": {
    "a": 492.55259562264206,
    "b": 0.00028519220447998435,
    "c": -491.70417477915544,
    "r2": 0.938355667131898
  },
  "random": {
    "a": -208.95689706150836,
    "b": -0.0003329824884453159,
    "c": 209.79620581954228,
    "r2": 0.9406939635743946
  }
}