{
  "method": "random",
  "percent_removed": 30,
  "seed": 64,
  "best_val_acc": 0.8192999958992004,
  "best_val_loss": 0.601229190826416,
  "test_acc": 0.8104000091552734
}