{
  "method": "forgetting_events",
  "percent_removed": 0,
  "seed": 64,
  "best_val_acc": 0.9746000170707704,
  "best_val_loss": 0.096017450094223,
  "test_acc": 0.9731000065803528
}