{
  "method": "random",
  "percent_removed": 50,
  "seed": 64,
  "best_val_acc": 0.9711999893188475,
  "best_val_loss": 0.1283248960971832,
  "test_acc": 0.9689000248908997
}