{
  "method": "random",
  "percent_removed": 50,
  "seed": 32,
  "best_val_acc": 0.9544000029563904,
  "best_val_loss": 0.2197914123535156,
  "test_acc": 0.9351000189781189
}