{
  "corr_integral": {
    "a": -0.6432457723900713,
    "b": 1.2967843814937086,
    "c": 3.285499934427841,
    "r2": 0.7440126249928305
  },
  "effective_rank": {
    "a": -5.570074795316715,
    "b": 0.055791780460204346,
    "c": 8.293644265949654,
    "r2": 0.95066219725935
  },
  "heuristic_filtering": {
    "a": 2527.8679674721943,
    "b": -0.00012771947064737734,
    "c": -2525.1699270856934,
    "r2": 0.8181264483850281
  },
  "intrinsic_dimensionality_twonn": {
    "a": -171.608373279627,
    "b": 0.0014348053092785257,
    "c": 174.34685969839123,
    "r2": 0.6682062949967474
  },
  "llm_classifier": {
    "a": -1.0600808180201549,
    "b": 0.41375929259392125,
    "c": 3.747312537184551,
    "r2": 0.8799215542370487
  },
  "perplexity_filtering": {
    "a": -0.8444158584694617,
    "b": 0.8708110699434876,
    "c": 3.435391631670391,
    "r2": 0.9202654492680945
  },
  "random": {
    "a": -0.695002215771567,
    "b": 0.9395380817290071,
    "c": 3.405725225845801,
    "r2": 0.9045104357748667
  },
  "semantic_dedup": {
    "a": 3409.1790872299325,
    "b": -9.732016281810577e-05,
    "c": -3406.486479169132,
    "r2": 0.7703956400353438
  }
}