{
  "method": "effective_rank",
  "percent_removed": 30,
  "seed": 32,
  "best_val_acc": 0.8027999997138977,
  "best_val_loss": 0.6289599537849426,
  "test_acc": 0.7946000099182129
}