{
  "method": "forgetting_events",
  "percent_removed": 0,
  "seed": 128,
  "best_val_acc": 0.9725000262260436,
  "best_val_loss": 0.1069816797971725,
  "test_acc": 0.9747999906539917
}