{
  "method": "forgetting_events",
  "percent_removed": 50,
  "seed": 128,
  "best_val_acc": 0.7573999762535095,
  "best_val_loss": 1.2694693803787231,
  "test_acc": 0.7544000148773193
}