{
  "method": "random",
  "percent_removed": 30,
  "seed": 128,
  "best_val_acc": 0.8181999921798706,
  "best_val_loss": 0.6206018328666687,
  "test_acc": 0.7993000149726868
}