{
  "method": "forgetting_events",
  "percent_removed": 50,
  "seed": 128,
  "best_val_acc": 0.9625999927520752,
  "best_val_loss": 0.153940349817276,
  "test_acc": 0.9638000130653381
}